English,Magyar
you,te/ön
i,én
the,a/az
to,hogy/-hoz/-hez/-höz
a,egy
s,'s (birtokos/rövidítés)
it,az/ez
and,és
that,az/hogy
t,'t (nem/rövidítés)
of,-nak/-nek/részeshatározó
is,van
in,-ban/-ben
what,mi/mit
we,mi/mink
me,engem/nekem
this,ez
he,ő (férfi)
for,számára/-ért
my,az én
on,-on/-en/-ön
have,van/bír
your,a te/az ön
do,csinál/tesz
was,volt
m,'m (vagyok/rövidítés)
no,nem
not,nem
be,lenni
are,vagytok/vannak
don,don (nem/rövidítés)
re,'re (vagy/rövidítés)
know,tud/ismer
can,tud/-hat/-het
with,-val/-vel
but,de/hanem
all,minden/összes
so,szóval/így/tehát
just,csak/éppen
there,ott/van
here,itt
they,ők
like,mint/tetszik/szeretni
ll,'ll (fog/rövidítés)
get,kap/szerez
she,ő (nő)
go,megy/menni
if,ha
right,jobb/igaz/rendben
out,ki/kint
about,körülbelül/ról/ről
up,fel/föl
at,-nál/-nél
him,őt/neki (férfi)
now,most
oh,ó/ó jaj
one,egy/egyetlen
come,jön/gyere
well,hát/nos/jól
her,az ő/őt (nő)
how,hogyan/milyen
yeah,igen/ja
ve,'ve (múlt idő)
will,fog/akarat
got,kapott/van
want,akar/szeretne
think,gondol/hisz
as,mint/ahogy
see,lát/néz
did,csinált/tett
good,jó
who,ki/aki
why,miért
from,-tól/-től
let,hadd/enged
his,az ő (férfi)
yes,igen
when,amikor/mikor
going,megy/fog menni
time,idő/alkalom
an,egy
okay,oké/rendben
back,vissza/hát
look,néz/kinézet
us,minket/bennünket
would,lenne/-na/-ne
them,őket/nekik
where,hol/hova
were,voltak/voltatok
take,vesz/fog/visz
then,akkor/aztán
had,volt/bírt
or,vagy
been,volt (múlt idő)
our,a mi
gonna,fog (rövidítés)
tell,mond/mesél
really,tényleg/igazán
man,férfi/ember/tesó
some,néhány/valamennyi
say,mond
hey,hé/helló
could,tudna/-hatna/-hetne
d,'d (múlt idő/rövidítés)
didn,nem (múlt idő)
by,által/mellé
need,kell/szükség
something,valami
has,van/bír
too,túl/is/szintén
more,több/még
way,út/mód
down,le/lent
make,csinál/készít
very,nagyon
never,soha/sosem
only,csak/egyetlen
people,emberek/népek
over,át/vége/fölött
because,mert/azért
little,kicsi/kevés
please,kérem/légyszíves
love,szerelem/szeret
should,kellene
mean,jelent/gonosz/átlag
said,mondta
sorry,sajnálom/bocsánat
give,ad
off,le/ki/szabadság
am,vagyok
thank,köszön
any,bármi/bármely
two,kettő/két
even,még/egyenletes/páros
much,sok/nagyon
doing,csinál/tesz
sure,biztos/persze
thing,dolog
these,ezek
help,segít/segítség
first,első/először
into,-ba/-be
anything,bármi/akármi
still,még/mégis/állókép
find,talál/keres
life,élet
nothing,semmi
sir,uram
day,nap
god,isten
work,munka/dolgozik
their,az ő (többes)
uh,ö/hm
again,újra/megint
maybe,talán/lehet
must,kell/muszáj
before,előtt/előbb
other,más/másik
wait,vár/várj
stop,áll meg/megáll
call,hív/hívás
after,után/utána
won,nyert
talk,beszél/beszélgetés
away,el/távol
than,mint
thought,gondolat/gondolta
home,otthon/haza
night,éjszaka/éjjel
put,tesz/rak
great,nagy/nagyszerű
those,azok
last,utolsó/múlt
better,jobb/jobban
everything,minden
told,mondta/elmondta
mr.,úr/mr.
new,új
things,dolgok
always,mindig
keep,tart/megtart
long,hosszú/sokáig
years,évek
leave,hagy/elhagy
does,csinál/tesz
money,pénz
around,körül/körbe
doesn,nem (rövidítés)
name,név/hívnak
place,hely/tér
ever,valaha/egyáltalán
feel,érez/tapint
guys,srácok/fiúk
father,apa
guy,srác/fickó
made,csinált/készített
old,régi/öreg
isn,nem (rövidítés)
which,amely/melyik
big,nagy
lot,sok/parcella
done,kész/megtéve
hello,helló/szia
nice,szép/kedves
believe,hisz/elhisz
girl,lány
someone,valaki
fine,rendben/jó/finom
thanks,köszönöm/kösz
wanted,akart
kind,fajta/kedves
coming,jön
house,ház
every,minden/valamennyi
ok,oké/rendben
through,keresztül/át
being,lét/létezés
course,persze/természetesen/tanfolyam
stay,marad
left,bal/elhagyott
dad,apa/apu
enough,elég
happened,történt
came,jött
may,május/lehet
mother,anya/édesanya
wrong,rossz/téves
world,világ
bad,rossz/gonosz
might,lehet/-hatna/-hetne
three,három
today,ma
listen,hallgat/hallgatni
another,másik/egy másik
understand,ért/megért
hear,hall
remember,emlékszik
ask,kérdez
own,saját/birtokol
same,ugyanaz/azonos
show,mutat/bemutató
else,más/egyéb
kill,öl/megöl
talking,beszél
found,talált
next,következő/mellett
getting,kap/szerez
care,gondoskodik/törődik
car,autó/kocsi
looking,néz
son,fiú/fia
try,próbál/megpróbál
woman,nő/asszony
went,ment/elment
hi,szia/helló
dead,halott/holt
many,sok/sokan
mind,elme/bánja
wasn,nem volt (rövidítés)
friend,barát
best,legjobb
mom,anya/anyu
hell,pokol/a fene
morning,reggel/délelőtt
trying,próbál
boy,fiú
together,együtt
yourself,magad/önmaga
job,munka/állás
saw,látott/fűrész
family,család
real,valódi/igazi
without,nélkül
baby,baba/bébi
room,szoba/terem
wouldn,nem lenne (rövidítés)
already,már
move,mozog/költözik
most,legtöbb/legnagyobb
seen,látott (múlt idő)
live,él/lakik
miss,hiányzik/kisasszony
actually,valójában/tulajdonképpen
huh,mi/hő
shit,szar/cucc
both,mindkettő/mind a kettő
heard,hallott
once,egyszer/valamikor
ready,kész
head,fej/vezető
called,hívott/nevezett
used,használt/szokott
idea,ötlet/elképzelés
knew,tudta
hold,tart/fog
happy,boldog/örül
door,ajtó
such,olyan
fuck,basz/a fene
brother,testvér/fivér
also,szintén/is
pretty,csinos/elég/meglehetősen
bit,darab/kicsit/harap
took,vett/fogott
haven,nem (rövidítés)
yet,még/mégis
men,férfiak
whole,egész/teljes
start,kezd/kezdet
use,használ/használ
while,amíg/időközben
since,óta/mivel
wife,feleség
days,napok
guess,tippel/gondol
tomorrow,holnap
matter,ügy/számít
meet,találkozik/megismer
bring,hoz
tonight,ma este
everyone,mindenki
run,fut/szalad
wanna,akar (rövidítés)
hard,kemény/nehéz
ah,á/ó
alone,egyedül
myself,magam/önmagam
school,iskola
gone,elment/eltűnt
um,öö/hm
end,vég/végződik
saying,mondván/mondás
phone,telefon
play,játszik/játék
looks,néz ki/kinézet
couldn,nem tudott (rövidítés)
fucking,kibaszott/rohadt
problem,probléma/gond
few,kevés/néhány
friends,barátok
gotta,kell (rövidítés)
ago,ezelőtt/régen
open,nyit/nyitott
anyone,bárki/akárki
killed,ölt/megölt
hope,remél/remény
face,arc/szembenéz
until,amíg/eddig
lost,elveszett/elveszített
police,rendőrség
excuse,bocsánat/kifogás
turn,fordul/fordít
business,üzlet/üzleti
case,eset/ügy
wants,akar
says,mond
TRUE,igaz
die,meghal
heart,szív
soon,hamarosan/nemsokára
each,mindegyik/minden
worry,aggódik/aggodalom
later,később/aztán
year,év
watch,néz/óra
music,zene
hand,kéz/átad
having,van/bír
probably,valószínűleg
beautiful,szép/gyönyörű
doctor,orvos/doktor
sit,ül/leül
eat,eszik
thinking,gondol/gondolkodik
young,fiatal
second,második/másodperc
working,dolgozik
water,víz
person,személy/ember
part,rész/alkatrész
kids,gyerekek
late,késő/késett
stuff,cucc/dolog
exactly,pontosan/éppen
under,alatt/alá
death,halál
minute,perc/pillanat
pay,fizet/fizetés
crazy,őrült/bolond
forget,elfelejt
everybody,mindenki
kid,gyerek/kölyök
change,változik/változás/váltópénz
gave,adott
happen,történik
damn,az istenit/átkozott
five,öt
drink,iszik/ital
far,messze/távol
knows,tud
its,az ő/annak
whatever,bármi/akármi
eyes,szemek
shut,becsuk/zár
aren,nem (rövidítés)
hit,üt/találat
taking,vesz/fog
easy,könnyű
times,idők/alkalmak
check,ellenőriz/csekk
hands,kezek
minutes,percek
deal,üzlet/kezel
different,különböző/más
means,jelent/eszközök
point,pont/lényeg
inside,bent/belül
makes,csinál/készít
asked,kérdezte
somebody,valaki
mine,az enyém/bánya
making,csinál/készít
body,test/holttest
afraid,fél/tart
sleep,alszik/alvás
chance,esély/lehetőség
dear,drága/kedves
quite,elég/teljesen
four,négy
anyway,mindenesetre/egyébként
close,közeli/bezár
ain,nem (rövidítés)
party,buli/párt
fun,móka/szórakozás
against,ellen
word,szó
comes,jön
important,fontos
set,készlet/beállít
shall,fog (segédige)
story,történet/sztori
number,szám
daughter,lánya/leánya
least,legkevesebb/legalább
waiting,vár
hurt,fáj/bánt
wish,kíván/kívánság
moment,pillanat
fight,harc/harcol
week,hét
husband,férj/férje
girls,lányok
rest,pihen/maradék
married,házas/férjhez ment
fire,tűz
game,játék
nobody,senki
mr,úr
children,gyerekek
side,oldal
stand,áll/állvány
read,olvas
though,bár/habár/azért
cut,vág/vágás
started,kezdett
sister,nővér/lánytestvér
supposed,feltételezett/kellene
between,között
child,gyerek
goes,megy
hours,órák
speak,beszél
women,nők
behind,mögött
almost,majdnem/csaknem
truth,igazság
blood,vér
able,képes
lady,hölgy
anymore,többé/már
playing,játszik
gets,kap/szerez
shot,lövés/lőtt
reason,ok/indok
trouble,baj/gond
break,tör/szünet
war,háború
city,város
walk,sétál/séta
town,város/városka
trust,bizalom/megbízik
dr.,doktor
met,találkozott
office,iroda/hivatal
question,kérdés
brought,hozott
yours,a tiéd/az öné
welcome,szívesen/üdvözöl
high,magas/magasan
wow,hűha/tyű
couple,pár/néhány
half,fél/fele
died,meghalt
cool,hűvös/menő
free,szabad/ingyenes
either,vagy/bármelyik
seems,úgy tűnik
power,hatalom/erő
whoa,húha/állj
bye,szia/viszlát
buy,vesz/vásárol
telling,mond/mesél
honey,méz/édesem
tried,próbálta
front,eleje/elülső
team,csapat
answer,válasz/válaszol
gun,fegyver/pisztoly
boys,fiúk
line,vonal/sor
send,küld
news,hírek
stupid,hülye/buta
bed,ágy
hurry,siet/siessen
full,tele/teljes
months,hónapok
save,ment/megment
sometimes,néha/olykor
become,lesz/válik
along,együtt/mellett
hate,utál/gyűlöl
food,étel/élelem
outside,kívül/kint
light,fény/könnyű
l,l (rövidítés)
needs,kell/igényel
dog,kutya
country,ország/vidék
clear,tiszta/egyértelmű
order,rend/rendel
em,őket (régi angol)
fact,tény
lord,úr/lord
captain,kapitány
six,hat
hot,forró/meleg
funny,vicces/furcsa
black,fekete
mrs.,asszony/mrs.
alive,élő/életben
pick,választ/szed
feeling,érzés/érzet
living,élő/él
cause,ok/okoz
ahead,előre/elöl
lose,veszít/elveszít
king,király
plan,terv/tervez
dinner,vacsora
sighs,sóhajt
sort,fajta/rendez
leaving,elhagy/távozik
shouldn,nem kellene (rövidítés)
running,fut/szalad
boss,főnök
alright,rendben/oké
promise,ígéret/ígér
taken,elvett/foglalt
safe,biztonságos/széf
ma,mama/ma'am
book,könyv/foglal
sent,küldött
white,fehér
hour,óra
anybody,bárki/valaki
small,kicsi/apró
perfect,tökéletes
lives,él/életeket
special,különleges/speciális
parents,szülők
himself,önmaga/maga
perhaps,talán/esetleg
sounds,hangzik/hangok
serious,komoly/súlyos
sick,beteg/rosszul
company,cég/társaság
ha,ha/haha
scared,fél/ijedt
uncle,nagybácsi
poor,szegény
red,piros/vörös
past,múlt/elmúlt
earth,föld
possible,lehetséges
shoot,lő/lövés
touch,érint/megérint
sound,hang/hangzik
top,teteje/legfelső
ass,segg/szamár
laughs,nevet
cannot,nem tud/nem lehet
asking,kérdez
win,nyer/győz
glad,örül
control,kontroll/irányít
hmm,hmm/hm
human,emberi/ember
drive,vezet/hajt
hair,haj
jack,Jack (név)/emelő
bitch,kurva/szuka
luck,szerencse
murder,gyilkosság
happens,történik
air,levegő
ten,tíz
daddy,apuci/apu
finally,végre/végül
chuckles,kuncog/vihorász
fast,gyors
cold,hideg
seem,tűnik/látszik
laughing,nevet
words,szavak
hospital,kórház
street,utca
hang,lóg/függeszt
dance,tánc/táncol
meeting,találkozó/ülés
till,amíg/-ig
others,mások
catch,elkap/fog
follow,követ
sense,értelem/érzék
sex,szex/nemi
lie,hazudik/fekszik
evening,este
master,mester/úr
known,ismert/tudott
dream,álom/álmodik
write,ír
million,millió
voice,hang/szavazat
sweet,édes
rather,inkább/eléggé
felt,érzett
sign,jel/aláír
lucky,szerencsés
somewhere,valahol
bet,fogad/fogadás
o,ó/ó
jesus,Jézus
longer,hosszabb/már nem
calling,hív
worked,dolgozott/működött
quiet,csendes/csend
looked,nézett
less,kevesebb
pull,húz
beat,üt/ver
careful,óvatos/vigyázz
coffee,kávé
return,visszatér/visszatérés
secret,titok/titkos
weeks,hetek
weren,nem voltak (rövidítés)
date,dátum/randevú
seeing,lát/látni
fall,esik/ősz
given,adott
ooh,ó/óóó
fault,hiba/vétke
straight,egyenes/őszinte
takes,vesz/fog
song,dal/ének
future,jövő
gentlemen,urak
loved,szerette
changed,változott/megváltozott
road,út
calm,nyugodt/megnyugszik
wonderful,csodálatos
mad,őrült/dühös
turned,fordult/fordított
drop,csepp/ejt
ladies,hölgyek
learn,tanul/megtanul
step,lépés/lép
absolutely,teljesen/abszolút
early,korai/korán
explain,magyaráz/megmagyaráz
clean,tiszta/tisztít
piece,darab/rész
yesterday,tegnap
throw,dob/hajít
picture,kép/fénykép
land,föld/szárazföld
feet,lábak/láb (mértékegység)
wonder,csoda/kíváncsi
questions,kérdések
speaking,beszél
worth,ér/megér
darling,drágám/kedves
dude,fickó/csávó
giving,ad/adás
president,elnök
eye,szem
quick,gyors
moving,mozog/költözik
figure,alak/kitalál
state,állam/állapot
strong,erős
none,egyik sem/semmi
amazing,csodálatos/elképesztő
ones,azok/egyek
works,működik/művek
act,cselekedet/színészkedik
needed,kellett/szükséges volt
weird,furcsa/különös
law,törvény/jog
worried,aggódik/aggódott
report,jelentés/jelent
goodbye,viszlát/búcsú
missing,hiányzik/eltűnt
choice,választás/választék
happening,történik
chief,főnök/vezető
wedding,esküvő/lagzi
strange,furcsa/különös
general,általános/tábornok
pain,fájdalom
kidding,viccel/tréfál
decided,döntött
ya,te/ja
pass,átad/elmegy
tired,fáradt/belefáradt
class,osztály/óra
officer,tiszt/rendőr
kept,tartotta/megtartott
wake,ébred/felébreszt
worse,rosszabb
busy,elfoglalt
eh,eh/mi
mistake,hiba/tévedés
kiss,csók/csókol
court,bíróság/udvar
building,épület
finish,befejez/vége
during,során/alatt
age,kor/életkor
ship,hajó/szállít
caught,elkapott/megfogott
marry,házasodik/feleségül vesz
meant,jelentett/akart
sell,elad
dark,sötét
watching,néz/figyel
system,rendszer
suppose,feltesz/gondol
evidence,bizonyíték
movie,film/mozi
ride,lovagol/utazás
completely,teljesen
mouth,száj
totally,teljesen/totálisan
birthday,születésnap
tv,tévé
forgive,megbocsát
born,született
imagine,elképzel
information,információ
instead,helyette/inkább
definitely,határozottan/biztosan
security,biztonság
certainly,bizonyosan/persze
film,film
month,hónap
lying,hazudik/fekszik
unless,hacsak nem/kivéve ha
train,vonat/gyakorol
seven,hét
wear,visel/hord
clothes,ruha/ruhák
hotel,szálloda/hotel
christmas,karácsony
attack,támadás/támad
hasn,nem (rövidítés)
round,kör/kerek
expect,vár/elvár
sing,énekel
terrible,szörnyű/rettenetes
bag,táska/zsák
history,történelem
blue,kék
near,közel
broke,tört/csóró
station,állomás
seriously,komolyan
forever,örökre/mindörökké
frank,Frank (név)/őszinte
except,kivéve/csak
thinks,gondol
message,üzenet
entire,teljes/egész
table,asztal
talked,beszélt
across,át/keresztül
rock,szikla/rock zene
lovely,kedves/bájos
handle,fogantyú/kezel
middle,közép/középső
buddy,haver/cimbora
paid,fizetett
protect,véd/megvéd
using,használ
floor,padló/emelet
ran,futott/szaladt
swear,esküszik/káromkodik
spend,tölt/költ
situation,helyzet/szituáció
ring,gyűrű/cseng
anywhere,bárhol/akárhol
dangerous,veszélyes
bill,számla/Bill (név)
york,York (város)
army,hadsereg
lead,vezet/ólom
bought,vett/vásárolt
finished,befejezett/kész
fair,igazságos/vásár
sun,nap
letter,levél/betű
fool,bolond/becsap
attention,figyelem
club,klub
simple,egyszerű
interesting,érdekes
space,tér/űr
test,teszt/vizsga
box,doboz/ökölvívás
group,csoport
single,egyetlen/szingli
sitting,ül
marriage,házasság
join,csatlakozik/egyesül
fear,félelem/fél
peace,béke
forgot,elfelejtett
force,erő/kényszerít
short,rövid/alacsony
normal,normális/szokásos
present,jelen/ajándék
enjoy,élvez/jól szórakozik
crime,bűncselekmény
horse,ló
ground,föld/talaj
american,amerikai
count,számol/gróf
area,terület
charge,vád/tölt
honor,tisztelet/megtisztel
lunch,ebéd
miles,mérföldek
radio,rádió
idiot,idióta/hülye
ball,labda/bál
surprise,meglepetés/meglepő
paper,papír
key,kulcs
boat,csónak/hajó
quickly,gyorsan
gold,arany
bar,bár/rúd
fish,hal/horgászik
mark,Mark (név)/jel
wearing,visel/hord
crying,sír
accident,baleset
government,kormány
eight,nyolc
fell,esett
cover,fed/borít
certain,bizonyos
interested,érdekelt/érdeklődik
deep,mély
star,csillag
sea,tenger
agree,egyetért
problems,problémák/gondok
detective,nyomozó/detektív
prison,börtön
major,fő/őrnagy
stick,bot/ragaszt
offer,ajánlat/kínál
difficult,nehéz
smart,okos/ügyes
personal,személyes
record,rekord/felvétel
stopped,megállt/leállított
hide,elrejt/bőr
whether,hogy/vajon
bank,bank/part
trip,utazás/kirándulás
relax,pihen/lazít
america,Amerika
public,nyilvános/közönség
list,lista
afternoon,délután
brain,agy
fix,javít/megjavít
bastard,rohadék/fattyú
proud,büszke
tea,tea
service,szolgálat/szerviz
screaming,sikít/üvölt
forward,előre
angry,dühös/mérges
park,park/parkol
soul,lélek
fighting,harc/harcol
rich,gazdag
agent,ügynök
blow,fúj/ütés
dress,ruha/öltözik
missed,hiányzott/nem talált
scene,jelenet/színhely
killing,gyilkolás/öl
standing,áll
saved,megmentett
mm,mm/hm
respect,tisztelet/tisztel
killer,gyilkos
ice,jég
mess,rendetlenség/kaosz
tough,kemény/nehéz
feels,érez
church,templom/egyház
sad,szomorú
cell,cella/sejt
drunk,részeg
share,oszt/részvény
camera,fényképezőgép/kamera
mm-hmm,mm-hmm/ühüm
within,belül/-n belül
card,kártya
fly,repül/légy
girlfriend,barátnő
laugh,nevet/nevetés
smell,szagol/szag
broken,törött
mum,anyu/anya
honest,őszinte
often,gyakran
starting,kezd/kezdés
calls,hívások/hív
y,y (rövidítés)
spent,töltött/költött
third,harmadik
english,angol
visit,látogatás/meglátogat
mama,mama/anyu
judge,bíró/ítél
window,ablak
hungry,éhes
dare,mer/merne
relationship,kapcsolat
moved,költözött/mozgatott
prove,bizonyít
private,magán/privát
wall,fal
seat,ülés/hely
i-i,é-én (dadogás)
position,pozíció/helyzet
lieutenant,hadnagy
realize,rájön/felismeri
lt,hadnagy (rövidítés)
especially,különösen
machine,gép
walking,sétál/gyaloglás
art,művészet
pleasure,öröm/élvezet
bloody,véres/rohadt
college,főiskola/kollégium
french,francia
involved,érintett/részt vesz
cry,sír/sírás
became,lett/vált
lived,élt/lakott
impossible,lehetetlen
obviously,nyilvánvalóan/egyértelműen
neither,egyik sem/sem
accept,elfogad
boyfriend,barát/fiú barát
besides,ráadásul/mellett
queen,királynő
teacher,tanár/tanító
cops,zsaruk/rendőrök
sake,kedvéért/miatt
loves,szeret
carry,hord/visz
teach,tanít
apartment,lakás/apartman
upset,felzaklatott/ideges
green,zöld
la,la (hang/Los Angeles)
liked,tetszett/szerette
cute,cuki/aranyos
evil,gonosz/rossz
professor,professzor
contact,kapcsolat/kapcsolatba lép
joke,vicc/tréfa
cop,zsaru/rendőr
huge,hatalmas/óriási
holy,szent
store,bolt/áruház
jail,börtön
likes,tetszik/szeret
lawyer,ügyvéd
doubt,kétség/kételkedik
continue,folytat/tovább
appreciate,értékel/méltányol
cat,macska
shop,bolt/vásárol
driving,vezet/vezetés
congratulations,gratulálok
wrote,írt
village,falu
quit,abbahagy/felmondani
field,mező/terület
wine,bor
decision,döntés
south,dél
sleeping,alszik/alvás
slow,lassú
laughter,nevetés
island,sziget
glass,üveg/pohár
beginning,kezdet/eleje
cash,készpénz
dying,hal/haldoklik
hundred,száz
whose,akinek/kinek a
difference,különbség
plane,repülőgép/sík
push,tol/nyom
continues,folytatódik
mmm,mmm/hm
singing,énekel/éneklés
eating,eszik/evés
north,észak
mrs,asszony (rövidítés)
tree,fa
madam,hölgyem/asszonyom
gift,ajándék
truck,teherautó/kamion
putting,tesz/helyez
bear,medve/visel
board,tábla/bizottság
grab,megragad/kap
beer,sör
stuck,beragadt
magic,varázslat/mágia
support,támogat/támogatás
rules,szabályok
grunts,morog/nyög
partner,partner/társ
reach,elér
wind,szél
colonel,ezredes
max,Max (név)/maximum
immediately,azonnal
seconds,másodpercek
thousand,ezer
gives,ad
experience,tapasztalat/élmény
cheers,egészségére/köszönöm
victim,áldozat
upon,rá/-on/-en/-ön
computer,számítógép
christ,Krisztus
planet,bolygó
promised,ígért
bus,busz/autóbusz
dirty,piszkos/mocskos
search,keres/keresés
staying,marad
dreams,álmok/álmodik
arrest,letartóztat
holding,tart/tartás
suddenly,hirtelen/egyszer csak
usually,általában/rendszerint
lots,sok/rengeteg
shoes,cipők
er,ööö/hm
jump,ugrik/ugrás
rid,megszabadít/megszabadulni
yo,hé/yo
knock,kopog/ütés
owe,tartozik
grow,nő/növekszik
worst,legrosszabb
river,folyó
aunt,nagynéni
patient,beteg/türelmes
kitchen,konyha
aah,áá/ó
fat,kövér/zsír
passed,elment/átment
final,végső/döntő
summer,nyár
listening,hallgat
escape,szökés/megszökik
everywhere,mindenhol
moon,hold
arms,karok/fegyverek
turns,fordul/fordulatok
address,cím/megszólít
ow,jaj/au
match,mérkőzés/gyufa
gasps,zihál/levegő után kap
grand,nagy/tízezer dollár
yep,jap/igen
shh,csitt/pszt
nervous,ideges
choose,választ
themselves,önmaguk/magukat
decide,dönt
mate,haver/pár
drinking,iszik/ivás
press,nyom/sajtó
bother,zavar/baj
foot,láb
hadn,nem volt (rövidítés)
blame,hibáztat/vád
crap,szar/vacak
drugs,drogok/gyógyszerek
type,típus/gépel
rings,gyűrűk/cseng
mission,küldetés/misszió
named,nevezett/nevezték
heaven,mennyország/égbolt
ii,II. (második)
picked,választott/szedett
paris,Párizs
race,verseny/faj
risk,kockázat/kockáztat
books,könyvek
further,tovább/messzebb
action,cselekvés/akció
allowed,megengedett/engedélyezett
orders,parancsok/rendelések
learned,tanult/megtanult
price,ár
arrived,megérkezett
nick,Nick (név)/bevág
otherwise,különben/másként
pictures,képek
fit,illik/fit
smoke,füst/dohányzik
favor,szívesség/javára
played,játszott
notice,észrevesz/értesítés
awesome,nagyszerű/klassz
smile,mosoly/mosolyog
director,igazgató/rendező
guard,őr/őriz
begin,kezd
spot,hely/folt
surprised,meglepett
innocent,ártatlan
narrator,narrátor/elbeszélő
herself,önmaga/maga (nő)
london,London
feelings,érzések
enemy,ellenség
battle,csata/harc
ourselves,önmagunk/magunkat
dollars,dollárok
allow,enged/megenged
nine,kilenc
gay,meleg/vidám
department,osztály/részleg
guilty,bűnös
apart,külön/egymástól
earlier,korábban
duty,kötelesség/szolgálat
suit,öltöny/illik
bell,harang/csengő
west,nyugat
legs,lábak
hero,hős
destroy,elpusztít/lerombol
stage,színpad/szakasz
bunch,csokor/csomó
according,szerint
chicken,csirke
bigger,nagyobb
grunting,morog/nyög
low,alacsony/alacsony
helping,segít/segítés
admit,beismer
closed,zárt/bezárt
names,nevek
witness,tanú
upstairs,emeleten/fent
arm,kar/felfegyverez
steal,lop
kick,rúg/rúgás
twice,kétszer
cross,kereszt/átszel
ways,módok/utak
sergeant,őrmester
indeed,valóban/csakugyan
gas,gáz/benzin
keeping,tart/megtart
energy,energia/erő
pregnant,terhes/várandós
waste,pazarlás/hulladék
helped,segített
fired,kirúgott/lőtt
favorite,kedvenc
taste,íz/ízlel
locked,zárt/bezárt
places,helyek
writing,írás/ír
brothers,fivérek/testvérek
starts,kezdődik/kezd
prince,herceg
form,forma/űrlap
sold,eladott
silly,buta/ostoba
mention,említ
build,épít
throat,torok/gége
hole,lyuk
figured,kitalálta/gondolta
track,pálya/nyom
ringing,cseng
lock,zár/lakat
leg,láb
above,fölött/fent
hiding,rejt/rejtőzködik
seemed,úgy tűnt
breakfast,reggeli
engine,motor/gép
written,írt/írott
complete,teljes/befejez
video,videó
applause,taps
however,azonban/mindazonáltal
pressure,nyomás
fresh,friss
weapon,fegyver
sky,ég/égbolt
ms.,kisasszony/ms.
stole,lopott
study,tanulmány/tanul
burn,ég/éget
reading,olvasás/olvas
crowd,tömeg
treat,kezel/csemege
roll,tekercs/gurul
double,dupla/kettős
spirit,szellem/lélek
danger,veszély
cost,költség/kerül
empty,üres/kiürít
level,szint
memory,emlékezet/memória
itself,önmaga/maga
acting,színészet/játszik
interest,érdeklődés/kamat
nose,orr
plans,tervek
following,követő/következő
bathroom,fürdőszoba
built,épült/épített
closer,közelebb
ray,Ray (név)/sugár
band,zenekar/szalag
groans,nyög/nyögés
apparently,látszólag/állítólag
excited,izgatott/lelkes
losing,veszít
animals,állatok
flight,repülés/járat
nature,természet
raise,emel/nevel
pop,pop/durr
client,ügyfél
bomb,bomba
neck,nyak
suspect,gyanúsított/gyanúsít
warm,meleg
extra,extra/külön
bottle,üveg/palack
van,furgon
heavy,nehéz/súlyos
mommy,anyu/anyuci
dogs,kutyák
wild,vad
ridiculous,nevetséges
simply,egyszerűen
animal,állat
showed,mutatott
shooting,lövöldözés/forgatás
keeps,tart/megtart
camp,tábor
guns,fegyverek
medical,orvosi/egészségügyi
shame,szégyen
hoping,remél
whom,kit/akit
bird,madár
majesty,felség
flowers,virágok
famous,híres
asleep,alszik
beauty,szépség
driver,sofőr/vezető
keys,kulcsok
rain,eső/esik
awful,szörnyű/rettenetes
large,nagy
local,helyi
deserve,megérdemel
goddamn,istenverte/átkozott
stone,kő
grace,kegyelem/grácia
consider,fontolgat/mérlegelni
weekend,hétvége
wondering,kíváncsi/tűnődik
lay,fekszik/fektet
plenty,bőven/rengeteg
willing,hajlandó
pants,nadrág
sweetheart,édesem/drágám
skin,bőr
excellent,kitűnő/kiváló
asshole,seggfej/barom
beach,strand/tengerpart
faith,hit/bizalom
beg,könyörög/kérlel
fuckin,kibaszott (rövidítés)
responsible,felelős
military,katonai/hadsereg
cheering,ujjong/éljenzés
opportunity,lehetőség/alkalom
common,közös/gyakori
bottom,fenék/alsó
german,német
whoever,bárki/aki
cook,főz/szakács
walked,sétált
papers,papírok/iratok
justice,igazságszolgáltatás
hall,hall/csarnok
commander,parancsnok
drug,drog/gyógyszer
main,fő/fő-
knife,kés
devil,ördög
necessary,szükséges
although,bár/habár
princess,hercegnő
lights,lámpák/fények
flying,repül/repülés
dick,Dick (név)/fasz
rose,Rose (név)/rózsa
knowing,tudó/tudva
clearly,világosan/egyértelműen
hat,kalap
agreed,beleegyezett/egyetértett
corner,sarok
code,kód
note,jegyzet/hangjegy
due,esedékes/miatt
correct,helyes/javít
apologize,bocsánatot kér
language,nyelv
stars,csillagok
faster,gyorsabb
cars,autók
folks,emberek/népek
bullshit,baromság/szarság
i.,I. (első - rövidítés)
fellow,fickó/tag
several,több/számos
grandma,nagymama/nagyi
shows,mutatások/műsorok
leader,vezető/vezér
leaves,levelek/elmegy
restaurant,étterem/vendéglő
east,kelet
shouting,kiált/kiabál
blind,vak
ghost,szellem/kísértet
cup,csésze/pohár
gotten,kapott/lett (amerikai)
tight,szoros/feszes
conversation,beszélgetés
tells,mond/mesél
lies,hazugságok/fekszik
nor,sem
pulled,húzott
hanging,lóg/függeszkedik
speed,sebesség
stories,történetek
health,egészség
advice,tanács
held,tartott/fogott
uh-huh,ühüm/igen
murdered,meggyilkoltak
beyond,túl/azon túl
rule,szabály/uralkodik
hardly,alig
possibly,esetleg/lehetségesen
inspector,felügyelő/nyomozó
cousin,unokatestvér
trial,tárgyalás/próba
emergency,vészhelyzet/sürgősség
ought,kellene
somehow,valahogy
hearing,hallás/meghallgatás
states,államok/kijelenti
account,számla/beszámoló
spoke,beszélt
file,fájl/akta
understood,értette/megértette
angel,angyal
tape,szalag/kazetta
milk,tej
powerful,erőteljes/hatalmas
weapons,fegyverek
practice,gyakorlat/gyakorol
manager,menedzser/igazgató
pardon,bocsánat/kegyelem
vote,szavazat/szavaz
national,nemzeti/országos
career,karrier/pálya
minister,miniszter
super,szuper/kiváló
taught,tanított
biggest,legnagyobb
plays,játszik/darabok
natural,természetes
dancing,tánc/táncol
copy,másolat/másol
plus,plusz
cake,torta/sütemény
freedom,szabadság
among,között/közt
breath,lélegzet
operation,művelet/operáció
crew,legénység/stáb
challenge,kihívás/kihív
market,piac
meat,hús
towards,felé/irányában
bringing,hoz
dropped,ejtett/leesett
student,diák/tanuló
lied,hazudott
strength,erő
size,méret/nagyság
breathe,lélegzik
color,szín
monster,szörny/szörnyeteg
loud,hangos
photo,fotó/fénykép
aw,ó/jaj
nearly,majdnem/csaknem
sight,látvány/látás
greatest,legnagyobb/legjobb
games,játékok
bridge,híd
dressed,öltözött
arrested,letartóztatott
horrible,borzalmas/szörnyű
coach,edző/kocsi
planning,tervez/tervezés
checked,ellenőrzött
breaking,tör/törés
noticed,észrevett
fantastic,fantasztikus
screams,sikolt/sikoltozik
serve,szolgál/felszolgál
ideas,ötletek/elképzelések
investigation,nyomozás/vizsgálat
center,központ/közepe
older,idősebb/öregebb
pack,csomag/pakol
soldiers,katonák
nonsense,nonszensz/ostobaság
doc,doki/doktor
project,projekt/tervez
training,képzés/edzés
example,példa
trick,trükk/csel
prepared,felkészült/készített
science,tudomány
united,egyesült
travel,utazik/utazás
incredible,hihetetlen
grandpa,nagypapa/nagyapa
paying,fizet/fizetés
character,karakter/szereplő
teeth,fogak
criminal,bűnöző
truly,valóban/igazán
honestly,őszintén
bro,tesó/haver
survive,túlél
target,cél/célpont
feed,etet/táplál
nurse,nővér/ápoló
fake,hamis/színlelt
records,felvételek/nyilvántartás
breathing,lélegzik/lélegzet
sweetie,édesem/drágám
numbers,számok
oil,olaj
suicide,öngyilkosság
belong,tartozik
whoo,hú/tyű
perfectly,tökéletesen
forgotten,elfelejtett/elfeledett
remain,marad
original,eredeti
papa,papa
onto,rá/-ra/-re
concerned,aggódik/érintett
credit,hitel/elismerés
ugh,pfuj/ó
invited,meghívott
discuss,megvitat/megbeszél
research,kutatás/kutat
easier,könnyebb
view,nézet/kilátás
chair,szék
hurts,fáj/sért
strike,sztrájk/üt
fill,tölt/kitölt
condition,állapot/feltétel
mountain,hegy
dr,doktor (rövidítés)
nowhere,sehol
sheriff,seriff
turning,fordul/fordulás
brown,barna
recognize,felismer
heads,fejek/vezet
audience,közönség/publikum
jealous,féltékeny/irigy
pretend,színlel/tettet
society,társadalom
finding,találás/megtalálás
shirt,ing
comfortable,kényelmes
meaning,jelentés
guest,vendég
pieces,darabok/részek
dry,száraz/szárít
letting,enged
began,kezdett
aye,igenis/igen
female,női/nőstény
release,felszabadít/kiadás
ho,hó/hahó
cards,kártyák
pray,imádkozik
unfortunately,sajnos/sajnálatos módon
balls,golyók/labdák
destroyed,elpusztított/lerombolt
ended,véget ért/befejezett
universe,univerzum/világegyetem
prepare,készít/felkészül
opinion,vélemény
movies,filmek
soldier,katona
wash,mos
program,program
heat,hő/hőség
usual,szokásos
ticket,jegy
stolen,lopott/ellopott
prefer,jobban szeret/előnyben részesít
aware,tudatában/tisztában
surely,biztosan/bizonyára
male,férfi/hím
base,bázis/alap
matters,ügyek/számít
lift,emel/felvonó
lab,labor/laboratórium
command,parancs/parancsnokság
proof,bizonyíték
cream,krém/tejszín
selling,elad/árusít
believed,hitt
create,teremt/létrehoz
h,h (betű/hang)
afford,megenged/engedhet
sunday,vasárnap
total,teljes/összes
dumb,néma/buta
threw,dobott/hajított
birth,születés
created,létrehozott
realized,rájött/megvalósított
noise,zaj
nuts,diók/őrült
students,diákok/tanulók
birds,madarak
social,társadalmi/szociális
brilliant,ragyogó/zseniális
bodies,testek/holttestek
tie,nyakkendő/köt
opened,kinyitott/megnyitott
ours,a miénk
bucks,dollárok/bakok
mister,úr/mister
ugly,csúnya/rút
focus,fókusz/összpontosít
opens,kinyit/megnyit
exist,létezik
followed,követte
draw,rajzol/húz
purpose,cél/célzat
letters,levelek/betűk
opening,nyitás/megnyitó
bullet,golyó
lately,mostanában/újabban
stayed,maradt
falling,esik/zuhanás
season,évszak/szezon
ends,végek/végződik
suggest,javasol
joy,öröm
distance,távolság
responsibility,felelősség
whenever,bármikor/amikor csak
issue,ügy/probléma
thousands,ezrek
process,folyamat/feldolgoz
sword,kard
shower,zuhany/zuhanyozik
weak,gyenge
fucked,elbaszott/elrontott
lonely,magányos
happiness,boldogság
tiny,pici/apró
desk,íróasztal
pool,medence/biliárd
property,tulajdon/ingatlan
forced,kényszerített
settle,megállapodik/letelepszik
indistinct,elmosódott/homályos
weight,súly
received,kapott/fogadott
gang,banda/geng
bite,harap/harapás
friday,péntek
disappeared,eltűnt
interview,interjú/interjúvol
expecting,vár/elvár
kinda,fajtája/típusa (rövidítés)
surgery,műtét/sebészet
horses,lovak
mayor,polgármester
babe,bébi/csaj
ancient,ősi/ókori
handsome,jóképű/szép
saturday,szombat
staff,személyzet/stáb
lines,sorok/vonalak
unit,egység
fan,rajongó/ventillátor
gentleman,úriember
introduce,bemutat
fate,sors
split,hasít/feloszt
recently,nemrég/mostanában
expected,várt/elvárta
add,hozzáad
ordered,rendelt/parancsolt
slowly,lassan
alarm,riasztó/vészjelzés
member,tag
slept,aludt
signed,aláírt
enter,belép/belépni
garden,kert
brings,hoz
brave,bátor
pig,disznó/malac
model,modell/manöken
finger,ujj
medicine,orvosság/orvostudomány
access,hozzáférés
failed,kudarcot vallott/megbukott
flat,lapos/lakás
easily,könnyen
discovered,felfedezte
based,alapozott/székhelye
screw,csavar/elront
insane,őrült/bolond
cares,törődik/gondoskodik
weather,időjárás
fingers,ujjak
path,ösvény/út
soft,puha/lágy
harm,ártalom/árt
style,stílus
community,közösség
sees,lát
basically,alapvetően
signal,jelzés/jel
nope,nem (köznyelvi)
spare,tartalék/megkímél
speech,beszéd
covered,fedett/borított
shake,ráz/rázás
loose,laza/lógó
snow,hó
lake,tó
bright,fényes/ragyogó
roof,tető
ohh,óóó/ó
sending,küld
paint,fest/festék
remind,emlékeztet
pal,haver/cimbora
naked,meztelen
post,posta/poszt
sugar,cukor
heading,irány/cím
streets,utcák
damage,kár/károsít
silence,csend
doors,ajtók
success,siker
wet,nedves
nah,nem/nah
amount,összeg/mennyiség
members,tagok
manage,kezel/irányít
safety,biztonság
returned,visszatért
harder,nehezebb/keményebb
fbi,FBI
block,tömb/blokkol
showing,mutat/vetítés
fancy,díszes/tetszik
chef,szakács/séf
contract,szerződés
dig,ás
chest,mellkas/láda
good-bye,viszlát/búcsú
drinks,italok/iszik
buried,eltemette
trade,kereskedelem/kereskedik
journey,utazás
stomach,gyomor/has
changes,változások/változtat
details,részletek
thoughts,gondolatok
divorce,válás
funeral,temetés
football,futball/amerikai futball
reality,valóság
theory,elmélet
gosh,istenem/ejha
ruined,tönkretett/romlott
gate,kapu
spread,terjeszt/terül
outta,ki/ból (rövidítés)
sudden,hirtelen/váratlan
coat,kabát
sooner,előbb/hamarabb
cheese,sajt
spring,tavasz/rugó
page,oldal/lap
ears,fülek
castle,kastély/vár
hidden,rejtett/elrejtett
storm,vihar
personally,személyesen
artist,művész
hill,domb
exciting,izgalmas
permission,engedély
expensive,drága
tickets,jegyek
forest,erdő
barely,alig/éppen
eggs,tojások
goin,megy (rövidítés)
regret,megbán/sajnál
lesson,lecke/tanulság
lover,szerető
bread,kenyér
subject,tantárgy/téma
legal,jogszerű/törvényes
growing,nő/növekvő
ill,beteg/rosszul
mood,hangulat/kedély
owner,tulajdonos
caused,okozott
beeping,csipog/sípol
points,pontok/mutat
dating,randevúzik/randevú
loss,veszteség
secretary,titkár/titkárnő
revenge,bosszú
likely,valószínű/valószínűleg
rent,bérlet/bérel
connection,kapcsolat
assistant,asszisztens/segéd
reasons,okok/indokok
yelling,kiabál
painting,festmény/festés
trees,fák
doctors,orvosok
rush,rohan/sietség
foreign,külföldi/idegen
rough,durva/érdes
murderer,gyilkos
century,évszázad/század
nights,éjszakák
pair,pár
runs,fut/futások
pocket,zseb
farm,gazdaság/farm
bike,bicikli/kerékpár
obvious,nyilvánvaló/egyértelmű
ate,evett
grew,nőtt/növekedett
professional,professzionális/szakember
goodness,jóság
parts,részek/alkatrészek
university,egyetem
square,négyzet/tér
grandfather,nagyapa
genius,zseni
cases,esetek/ügyek
ruin,rom/tönkretesz
winter,tél
tongue,nyelv
memories,emlékek
da,da (hang/rövidítés)
buying,vásárol/vásárlás
cancer,rák
ocean,óceán
dna,DNS
liar,hazug
tour,túra/körút
thief,tolvaj
bleep,sípol/cenzúra
rights,jogok
including,beleértve
competition,verseny/konkurencia
planned,tervezett
boring,unalmas
victims,áldozatok
mentioned,említett
bones,csontok
plant,növény/üzem
bless,megáld
warning,figyelmeztetés/óva int
knocking,kopog/kopogtat
crash,baleset/összeomlás
bedroom,hálószoba
lower,alsó/alacsonyabb
silver,ezüst
groaning,nyög/nyögés
madame,hölgyem/madame
defense,védelem
results,eredmények
toilet,vécé/toalett
event,esemény/rendezvény
complicated,bonyolult/komplikált
shape,alak/forma
priest,pap
royal,királyi
cheap,olcsó
romantic,romantikus
downstairs,lent/földszinten
invite,meghív
fortune,vagyon/szerencse
tears,könnyek
avoid,elkerül
reached,elért
higher,magasabb
familiar,ismerős
telephone,telefon
burning,ég/égés
filled,töltött/megtöltött
airport,repülőtér
jobs,állások/munkák
grown,nőtt/felnőtt
giant,óriás
insurance,biztosítás
woods,erdő/erdők
scare,ijeszt/rémület
pleased,elégedett/örül
period,időszak/pont
political,politikai
player,játékos
stops,megáll/leállít
secrets,titkok
repeat,megismétel
photos,fotók
finds,talál/megtalál
statement,nyilatkozat/kijelentés
suck,szív/szar
younger,fiatalabb
humans,emberek
delicious,finom/ínycsiklandó
particular,különleges/sajátos
proper,megfelelő/helyes
belongs,tartozik
attacked,megtámadta
bath,fürdő
hired,felvett/bérelt
site,hely/oldal
knowledge,tudás/ismeret
led,vezetett
guests,vendégek
celebrate,ünnepel
map,térkép
horn,kürt/duda
eventually,végül/idővel
pity,kár/szánalom
powers,hatalmak/erők
ashamed,szégyelli magát
assume,feltételez
glasses,szemüveg/poharak
rise,emelkedik/felkel
fixed,rögzített/megjavított
request,kérés/kérelem
officers,tisztek/rendőrök
pounds,fontok
data,adat/adatok
carefully,óvatosan/gondosan
per,per/szerint
depends,függ/attól függ
jury,esküdtszék
waited,várt
positive,pozitív
attorney,ügyvéd
direction,irány
families,családok
doin,csinál (rövidítés)
forces,erők
location,helyszín/hely
walls,falak
useless,haszontalan
grant,támogatás/engedélyez
saving,megtakarítás/mentés
speaks,beszél
fought,harcolt
meal,étkezés/étel
deliver,szállít/kézbesít
answers,válaszok/válaszol
changing,változik/változtat
temple,templom
scary,ijesztő
millions,milliók
offered,felajánlott
regular,rendszeres/szokásos
carrying,hord/visz
official,hivatalos
jacket,dzseki/kabát
switch,kapcsoló/vált
grave,sír/komoly
chase,üldöz/üldözés
role,szerep
odd,furcsa/páratlan
sexy,szexi
faces,arcok/néz
becomes,lesz/válik
closes,bezár
badly,rosszul
tall,magas
confused,zavart/összezavart
affair,ügy/viszony
television,televízió
shock,sokk/megrázkódtatás
raised,felemelt/nevelt
panting,liheg/zihál
pizza,pizza
image,kép/imázs
clears,tisztáz/kitisztul
golden,arany/aranyszínű
patients,betegek/páciensek
watched,figyelte/nézte
committed,elkövetett/elkötelezett
sexual,szexuális
suffer,szenved
wherever,bárhol/akárhol
plate,tányér/lemez
appear,megjelenik/látszik
chocolate,csokoládé
clever,okos/ügyes
hm,hm
mercy,kegyelem/irgalom
shots,lövések/snapszok
dealing,kezel/foglalkozik
trap,csapda
charges,vádak/díjak
bang,bumm/durran
poison,méreg
butt,fenék/segg
drove,vezetett/hajtott
yourselves,magatokat/önmagukat
headed,vezette/irányult
babies,babák/kisbabák
yellow,sárga
soup,leves
mystery,rejtély/misztérium
picking,szed/választ
sat,ült
wound,seb/tekercs
traffic,forgalom
courage,bátorság
hunt,vadászat/vadászik
indian,indiai/indián
rat,patkány
terms,feltételek/kifejezések
checking,ellenőriz
disease,betegség
managed,sikerült/irányította
winner,győztes/nyertes
council,tanács
appointment,találkozó/kinevezés
monday,hétfő
crack,repedés/repeszt
threat,fenyegetés
physical,fizikai/testi
nation,nemzet
source,forrás
chose,választott
healthy,egészséges
victory,győzelem
stood,állt
kicked,rúgott
disgusting,undorító
palace,palota
below,alatt/alul
shopping,vásárlás/bevásárlás
neighborhood,környék/szomszédság
march,március/menetel
lips,ajkak
midnight,éjfél
piss,húgy/pisál
advantage,előny
pure,tiszta
aside,félre/mellé
jerk,idióta/rántás
mail,posta/levél
dawn,hajnal
effect,hatás/effektus
spell,varázs/varázsige
freak,fura alak/őrült
wood,fa/erdő
screwed,csavaros/elbaszott
enemies,ellenségek
awake,ébren
chuckling,kuncog
vacation,szabadság/vakáció
violence,erőszak
grandmother,nagymama
modern,modern
firm,cég/szilárd
prime,fő/elsőrangú
heh,heh
touched,megérintett/meghatott
talent,tehetség
whore,kurva
piano,zongora
license,engedély/jogosítvány
cooking,főzés
honour,megtiszteltetés/becsület
concern,aggodalom/érint
moves,mozdul/lépések
available,elérhető/kapható
factory,gyár
gods,istenek
value,érték
central,központi
union,unió/szakszervezet
mirror,tükör
studio,stúdió
media,média
taxi,taxi
dies,meghal
iron,vas/vasaló
hearts,szívek
desire,vágy/kíván
songs,dalok
monkey,majom
pride,büszkeség
pills,tabletták/pirulák
miracle,csoda
swim,úszik/úszás
burned,égett/leégett
smells,szagol/szagok
joking,viccel/tréfál
bleeding,vérzik
hook,kampó/horog
beating,ver/verés
protection,védelem
treatment,kezelés
ear,fül
metal,fém
disappear,eltűnik
grateful,hálás
extremely,rendkívül/extrém
treasure,kincs
rescue,mentés/megment
capable,képes
passing,áthalad/elmúló
chatter,cseveg/fecseg
result,eredmény
suffering,szenvedés
sisters,nővérek/lánytestvérek
laid,lefektetett/helyezett
governor,kormányzó
guards,őrök/védők
text,szöveg
literally,szó szerint/szó szerinti
remove,eltávolít
becoming,lesz/válik
performance,teljesítmény/előadás
stronger,erősebb
rate,arány/díjszabás
deeply,mélyen
scream,sikolt/sikítás
desert,sivatag/elhagy
vehicle,jármű
illegal,illegális/törvénytelen
pulling,húz
throwing,dob/dobás
unbelievable,hihetetlen
zero,nulla
curious,kíváncsi
candy,cukorka/édesség
bone,csont
tied,kötött/megkötött
edge,él/szél
load,teher/tölt
ahh,áá/ó
mountains,hegyek
boom,bumm/fellendülés
former,korábbi/volt
holiday,ünnep/szabadság
riding,lovagol/utazik
scoffs,gúnyolódik
hundreds,százak
motherfucker,köcsög/anyaszomorító
bags,táskák/zsákok
stealing,lop
appears,megjelenik/látszik
arrive,megérkezik
remains,marad/maradványok
decent,rendes/tisztességes
issues,ügyek/kiadások
tip,borravaló/tipp
fail,kudarcot vall/bukik
bride,menyasszony
pissed,ideges/részeg
claim,követel/állít
friendship,barátság
desperate,kétségbeesett
flower,virág
dramatic,drámai
refuse,visszautasít/elutasít
solve,megold
theme,téma/motívum
loving,szerető
properly,megfelelően/rendesen
dragon,sárkány
mostly,főleg/többnyire
directly,közvetlenül
surface,felület/felszín
FALSE,hamis
cast,öntvény/szereplőgárda
junior,fiatalabb/ifjabb
hunting,vadászat
silent,néma/csendes
thou,te (régi angol)
egg,tojás
germany,Németország
punch,ütés/boksz
africa,Afrika
woke,felébredt/éber
intelligence,intelligencia/hírszerzés
borrow,kölcsönöz/kölcsönkér
winning,győz/nyerés
falls,esik/zuhanások
popular,népszerű
escaped,megszökött
witch,boszorkány
convinced,meggyőzte
warn,figyelmeztet
announcer,bemondó/közlő
champagne,pezsgő
dust,por
someday,valamikor
fallen,esett/elesett
stranger,idegen/ismeretlen
presence,jelenlét
tear,könny/szakít
st.,szent/utca (rövidítés)
internet,internet
monsieur,uram (francia)
therefore,ezért
technology,technológia
tires,fárad/gumiabroncsok
toast,pirítós/koccintás
wise,bölcs
notes,jegyzetek/jegyzetek
smoking,dohányzik/füstölés
ls,ls (rövidítés)
april,április
wolf,farkas
precious,drága/értékes
rooms,szobák
coast,part/tengerpart
treated,kezelt/bántak vele
material,anyag/materiális
released,kiadott/elengedett
uniform,egyenruha/egyforma
hated,utált/gyűlölt
considered,fontolgatta/tekintetett
rice,rizs
exchange,csere/váltás
steps,lépések
convince,meggyőz
beast,vadállat/fenevad
cow,tehén
files,fájlok/akták
signs,jelek/táblák
drag,húz/vonszol
cab,taxi
hung,függött/akasztott
carried,vitt/hordott
ordinary,hétköznapi/közönséges
successful,sikeres
mistakes,hibák/tévedések
houses,házak
chattering,fecseg/csacsog
brains,agyak
creature,teremtmény/lény
fourth,negyedik
separate,külön/szétválaszt
cleaning,takarít/takarítás
shift,műszak/vált
exact,pontos
goal,cél/gól
expert,szakértő
served,szolgált/kiszolgált
direct,közvetlen/irányít
score,eredmény/pontszám
row,sor
marks,jelek/nyomok
twenty,húsz
receive,kap/fogad
series,sorozat
section,rész/szakasz
pilot,pilóta
darkness,sötétség
thy,a te (régi angol)
sale,árusítás/kiárusítás
destiny,sors/végzet
cure,gyógyít/gyógymód
spoken,beszélt/kimondott
armed,fegyveres
rare,ritka
grade,osztály/fokozat
juice,gyümölcslé/lé
wide,széles
tower,torony
solution,megoldás
schedule,menetrend/ütemterv
explosion,robbanás
wheel,kerék
cigarette,cigaretta
fruit,gyümölcs
blew,fújt
talks,beszél/beszélgetések
sacrifice,áldozat/feláldoz
range,tartomány/hatótávolság
button,gomb
reports,jelentések/jelent
prisoner,fogoly
pie,pite/torta
effort,erőfeszítés
youth,ifjúság/fiatalság
pot,fazék/edény
eaten,evett
knees,térdek
garage,garázs
parking,parkolás
ambulance,mentőautó
staring,bámul
chances,esélyek
circumstances,körülmények
sin,bűn
progress,haladás/fejlődés
unusual,szokatlan
county,megye
stairs,lépcső
campaign,kampány/hadjárat
vision,látás/vízió
reporter,riporter/tudósító
equipment,felszerelés
moments,pillanatok
mass,tömeg/mise
alien,földönkívüli/idegen
trapped,csapdába esett/beszorult
helps,segít
route,útvonal
defend,véd/megvéd
trace,nyom/felkutat
nasty,csúnya/gonosz
tests,tesztek/vizsgák
magazine,magazin/folyóirat
rocks,sziklák/kövek
dump,szeméttelep/kidob
rude,goromba/durva
searching,keres
clue,nyom/kulcs
connected,kapcsolt/összekötött
amen,ámen
pushed,tolt/lökött
merry,vidám/kellemes
zone,zóna/övezet
senior,idősebb/felettes
closing,záró/bezárás
freeze,fagy/befagy
emperor,császár
incident,incidens/esemény
snake,kígyó
actor,színész
newspaper,újság
sentence,mondat/ítélet
leading,vezető/vezetés
friendly,barátságos
chosen,választott/kiválasztott
engaged,eljegyzett/elfoglalt
charming,bájos/elbűvölő
mustn,nem szabad (rövidítés)
anger,harag/düh
spending,költés/töltés
learning,tanulás
spy,kém/kémkedik
sharp,éles
shadow,árnyék
warrant,parancs/igazolás
elevator,lift/felvonó
kingdom,királyság
squad,osztag/csapat
shoulder,váll
wave,hullám/integet
highness,fenség
kinds,fajták/típusok
fishing,halászat/horgászat
sometime,valamikor
attitude,hozzáállás/attitűd
sucks,szív/szar
negative,negatív
screen,képernyő/ernyő
workers,munkások/dolgozók
bored,unatkozik/unalmas
cameras,kamerák/fényképezőgépek
similar,hasonló
understanding,megértés/megértő
beeps,csipog/sípolás
chain,lánc
bull,bika
gasping,zihál/kapkod
fully,teljesen
collect,gyűjt/összeszed
gorgeous,gyönyörű/káprázatos
passion,szenvedély
writer,író
empire,birodalom
international,nemzetközi
curse,átok/káromkodik
hire,bérel/felvesz
bastards,rohadékok/fattyak
puts,tesz/helyez
leads,vezet/vezetőszárak
id,azonosító/id
blows,fúj/ütések
sons,fiak
estate,birtok/ingatlan
customers,vásárlók/ügyfelek
gunshot,lövés/fegyverropogás
i-,én- (dadogás)
device,eszköz/készülék
troops,csapatok
hug,ölelés/megölel
design,tervezés/mintázat
movement,mozgás/mozgalom
thunder,mennydörgés/villám
object,tárgy/kifogásol
loser,vesztes
pen,toll/karám
sobbing,zokogás
politics,politika
despite,annak ellenére
alcohol,alkohol
climb,mászik/megmászik
clients,ügyfelek/kliensek
conference,konferencia/tanácskozás
provide,biztosít/nyújt
seek,keres/kutat
witnesses,tanúk
earn,keres/megkeres
trash,szemét/hulladék
valley,völgy
fashion,divat
episode,epizód/rész
prize,díj/jutalom
previously,korábban/előzőleg
sports,sport/sportok
wanting,akar
debt,adósság
wishes,kívánságok/kíván
wire,drót/vezeték
thee,téged (régi angol)
circle,kör
approach,megközelítés/közelít
stock,készlet/állomány
facts,tények
remembered,emlékezett
percent,százalék
normally,normálisan/általában
tail,farok/követ
joined,csatlakozott
education,oktatás/nevelés
bravo,bravó/kitűnő
library,könyvtár
rape,nemi erőszak
wings,szárnyak
growling,morog/morajlik
thrown,dobott/hajított
tank,tank/tartály
exhales,kilégzik
authority,hatóság/tekintély
current,jelenlegi/áramlat
failure,kudarc/meghibásodás
nightmare,rémálom
hitting,üt/ütés
glory,dicsőség
knocked,kopogott/leütött
studying,tanul/tanulmányoz
agency,ügynökség/képviselet
apple,alma
border,határ/szegély
rope,kötél
duck,kacsa/lehajol
reputation,hírnév/reputáció
confidence,önbizalom/bizalom
yard,udvar/yard
beloved,szeretett/kedves
lack,hiány/híja
actual,tényleges/valódi
skills,készségek
films,filmek
mental,mentális/elmebeli
salt,só
flesh,hús/test
secure,biztonságos/biztosít
highly,nagyon/magasan
federal,szövetségi
sand,homok
emotional,érzelmi/meghatott
setting,beállítás/környezet
nothin,semmi (köznyelvi)
senator,szenátor
services,szolgáltatások
robbery,rablás
hates,utál/gyűlöl
fed,etetett/szövetségi
reward,jutalom/díj
theater,színház
commit,elkövet/vállal
entirely,teljesen
extraordinary,rendkívüli/különleges
ships,hajók
opposite,ellentétes/szemben
parties,bulik/pártok
stands,áll/állványok
chat,csevegés/cseveg
events,események
mummy,múmia/anyu
bay,öböl
slip,megcsúszik/elszól
disappointed,csalódott
settled,megállapodott/letelepedett
begins,kezdődik
alert,riadó/éber
detail,részlet
pink,rózsaszín
fellas,srácok/fiúk
accepted,elfogadott
background,háttér
garbage,szemét/hulladék
panic,pánik
minds,elmék/elme
belt,öv
blowing,fúj/robbantás
agreement,megállapodás/egyezmény
pushing,tol/nyom
ability,képesség
tiger,tigris
whispering,suttog/súg
culture,kultúra
saint,szent
task,feladat
solid,szilárd/masszív
doll,baba
intend,szándékozik
district,kerület/körzet
pa,apa/pa
gee,ejha/tyű
custody,őrizet/felügyelet
ignore,figyelmen kívül hagy
naturally,természetesen
useful,hasznos
attempt,próbálkozás/kísérlet
abandoned,elhagyott
cutting,vág/vágás
kissed,csókolt
guarantee,garancia/garantál
barking,ugat
gather,összegyűjt/gyűlik
policy,politika/irányelvek
u.s.,USA/Egyesült Államok
violent,erőszakos
maid,szobalány
embarrassing,kínos/zavarba ejtő
childhood,gyermekkor
wasting,pazarol/pusztít
bow,íj/hajol
chick,csaj/csibe
disaster,katasztrófa
revolution,forradalom
online,online
demon,démon
heavily,súlyosan/erősen
coincidence,véletlen/egybeesés
perform,előad/végrehajt
thin,vékony/sovány
terrific,remek/nagyszerű
crown,korona
identity,azonosság/személyazonosság
virgin,szűz
impressive,lenyűgöző
windows,ablakok
no-one,senki
potential,potenciál/lehetőség
guitar,gitár
committee,bizottság
dozen,tucat
delivery,kézbesítés/szállítás
advance,előleg/fejlődés
quietly,csendesen
teaching,tanítás
hunter,vadász
latest,legújabb/legutolsó
hurting,fáj/sért
swing,hinta/lendület
capital,főváros/tőke
counting,számol/számolás
drew,rajzolt
dirt,piszok/föld
whistle,síp/fütty
hits,üt/találatok
deny,tagad
urgent,sürgős
threatened,megfenyegette
behavior,viselkedés/magatartás
mixed,kevert/vegyes
stays,marad
assure,biztosít/megnyugtat
subtitles,feliratok
explanation,magyarázat
wins,nyer/győz
unique,egyedi/egyedülálló
chasing,üldöz/kerget
billion,milliárd
duke,herceg
production,termelés/gyártás
slave,rabszolga
agents,ügynökök
lets,hagy/enged
cruel,kegyetlen
mask,maszk/álarc
behave,viselkedik
bury,eltemet
massive,masszív/hatalmas
pathetic,szánalmas
species,faj/fajta
approaching,közeledik
loan,kölcsön/hitel
struggle,küzdelem/küzd
dish,tál/fogás
trusted,megbízott/megbízható
jumped,ugrott
firing,tüzelés/elbocsátás
channel,csatorna
stopping,megáll/megállít
asks,kérdez
swimming,úszás/úszik
daily,napi/naponta
basement,pince/alagsor
quarter,negyed/negyedóra
erm,ööö/hm
bound,határol/kötött
navy,haditengerészet
article,cikk
guide,útmutató/vezető
accused,vádolt
transfer,áthelyezés/átutazás
guts,belek/bátorság
quality,minőség/színvonal
fella,fickó/srác
greater,nagyobb
damned,átkozott/elkárhozott
couch,kanapé
cheer,éljen/vidám
shoe,cipő
title,cím
shy,félénk/szégyenlős
punishment,büntetés
clicks,kattint/kattanások
closet,szekrény/gardrób
bye-bye,pá-pá/viszlát
fever,láz
coward,gyáva
flash,villan/vaku
impressed,lenyűgözött
siren,sziréna
prisoners,foglyok/rabok
sides,oldalak
bowl,tál
supply,ellátás/készlet
sensitive,érzékeny
hopefully,remélhetőleg
rolling,gurul/gördülés
dollar,dollár
tone,hangnem/tónus
voices,hangok
cheating,csal
confess,bevall/gyón
demand,követel/igény
museum,múzeum
unknown,ismeretlen
drama,dráma
suspicious,gyanús
adult,felnőtt
frightened,megijesztett/megijedt
warned,figyelmeztetett
steady,stabil/egyenletes
kills,öl/megöl
crossed,keresztbe tett/átment
particularly,különösen
sandwich,szendvics
laws,törvények
joint,együttes/ízület
bullets,golyók
package,csomag
trained,képzett/kiképzett
thursday,csütörtök
boots,csizmák
possibility,lehetőség
civil,polgári
baseball,baseball
express,gyors/kifejez
miserable,nyomorult/szánalmas
tuesday,kedd
lion,oroszlán
refused,megtagadta
shine,ragyog/fény
assault,támadás/roham
jokes,viccek/tréfák
breaks,tör/szünetek
argue,vitatkozik/érvel
you-,te- (dadogás)
trail,nyom/ösvény
option,lehetőség/opció
recall,visszahív/emlékszik
mighty,hatalmas/erős
collection,gyűjtemény
accent,akcentus/hangsúly
believes,hisz
decisions,döntések
embarrassed,zavarban van
mobile,mobil/mozgó
customer,vásárló/ügyfél
terribly,borzalmasan/nagyon
sec,másodperc/pillanat
charity,jótékonyság
considering,fontolóra véve
pussy,punci/cica
protecting,véd/védelem
flag,zászló
kidnapped,elrabolt
balance,egyensúly/mérleg
creatures,teremtmények/lények
nuclear,nukleáris/atomi
wallet,pénztárca
shout,kiált/kiabál
entered,belépett
impression,benyomás
degrees,fokozatok/fokkal
favour,szívesség/kedvez
reaction,reakció
network,hálózat
version,verzió/változat
concert,koncert
gear,felszerelés/sebességfokozat
singer,énekes
diamond,gyémánt
defeat,vereség/legyőz
lane,sáv/sikátor
blast,robbanás/robbantás
wounded,sebesült/megsebesített
anytime,bármikor
partners,partnerek/társak
ages,korok/évek
ceremony,ceremónia/szertartás
league,liga
bars,bárok/rácsok
specific,konkrét/specifikus
conditions,feltételek/körülmények
plastic,műanyag/plasztik
crisis,válság/krízis
fifth,ötödik
term,időszak/kifejezés
self,én/önmaga
offering,kínálat/ajánlat
bud,rügy/haver
suffered,szenvedett
reported,jelentette/beszámolt
commissioner,biztos
rip,szakít/hasít
mysterious,titokzatos
entrance,bejárat
messed,elrontott/rendetlenség
tunnel,alagút
designed,tervezett/megtervezett
neighbor,szomszéd
aboard,fedélzeten
sweat,izzad/verejték
ghosts,szellemek/kísértetek
crimes,bűncselekmények
costs,költségek/kerül
deserves,megérdemel
dreaming,álmodik/álmodozik
bust,mellszobor/rajtaütés
messages,üzenetek
enjoying,élvez
afterwards,utána/később
comfort,kényelem/vigasz
surrender,megadás/feladás
gym,tornaterem/edzőterem
crush,szeret/összetör
yup,igen/jap
arranged,elrendezett/megbeszélt
suits,öltönyök/illik
pee,pisil/pisi
stress,stressz/feszültség
cave,barlang
wing,szárny
arrange,elrendez/szervez
comrade,elvtárs/bajtárs
noble,nemes
tricks,trükkök/csíny
launch,indít/kilövés
legend,legenda
mix,kever/keverék
golf,golf
imagination,képzelet
fox,róka
kissing,csókol/csókolózás
butter,vaj
tax,adó
gross,bruttó/undorító
insist,ragaszkodik/követel
classic,klasszikus
selfish,önző
skull,koponya
shown,mutatott/kiállított
bat,denevér/ütő
survived,túlélte
print,nyomtat/nyomtatvány
champion,bajnok
bills,számlák
therapy,terápia
lifetime,élettartam/élet
throughout,végig/szerte
a.m.,de. (délelőtt)
toward,felé/irányába
sauce,szósz
experiment,kísérlet
describe,leír/jellemez
grass,fű/gyep
cheat,csal
attend,részt vesz
homework,házi feladat
betrayed,elárulta
servant,szolga
cap,sapka/kupak
bible,Biblia
practically,gyakorlatilag
steel,acél
wipe,töröl/letöröl
burns,ég/égések
generation,generáció/nemzedék
cabin,kabin/kunyhó
financial,pénzügyi
industry,ipar
bond,kötvény/kötelék
sheep,birka/juh
scientists,tudósok
beaten,megvert/levert
heck,a fene/francba
deck,fedélzet/pakli
fans,rajongók
script,forgatókönyv/szkript
brand,márka
degree,fokozat/diploma
painful,fájdalmas
coughing,köhög
religion,vallás
cats,macskák
influence,befolyás
fuel,üzemanyag
drawing,rajz/rajzolás
uh-oh,ó-ó/jaj
rabbit,nyúl
exercise,gyakorlat/testmozgás
attractive,vonzó
touching,megható/érintő
virus,vírus
realise,rájön/felismeri
torture,kínzás/kínoz
blessed,áldott
plain,sima/síkság
recent,legutóbbi/friss
footsteps,léptek
sacred,szent
removed,eltávolított
pretending,tettet/színlel
wasted,pazarolt/berúgott
goodnight,jó éjt/jó éjszakát
robot,robot
crystal,kristály
confirm,megerősít
lad,fiú/legény
mile,mérföld
division,hadosztály/osztály
scratch,karcolás/kapar
reminds,emlékeztet
walks,sétál/séták
ending,végződés/vég
contest,verseny/versenyez
valuable,értékes
distant,távoli
dumped,kidobott/ledobott
motion,mozdulat/mozgás
electricity,villamos energia
centre,központ/közepe
murders,gyilkosságok
seal,pecsét/fóka
standard,szabvány/szokásos
wore,viselt/hordott
surrounded,körülvett/körülvette
struck,ütött/sújtott
inform,tájékoztat
gentle,szelíd/finom
status,státusz/állapot
purse,pénztárca/erszény
prints,nyomatok/nyomtat
players,játékosok
charged,megvádolt/felszámolt
begging,könyörög
delivered,kézbesített/szállított
buck,dollár/bak
construction,építkezés/építés
confirmed,megerősített
confession,gyónás/vallomás
trigger,ravasz/kiváltó
cells,cellák/sejtek
frankly,őszintén
exit,kijárat/kilép
response,válasz/reagálás
cancel,töröl/lemond
argument,vita/érv
principal,igazgató/fő
clinic,klinika/rendelő
greetings,üdvözletek
neighbors,szomszédok
vice,alelnök/bűn
toy,játék
everyday,mindennapi
generous,nagylelkű/bőkezű
gain,nyereség/szerez
idiots,idióták/hülyék
enjoyed,élvezett
jungle,dzsungel
link,kapcsolat/link
underground,föld alatt/metró
smiling,mosolyog
mistress,szerető/úrnő
teams,csapatok
product,termék
beef,marhahús
whispers,suttog
religious,vallási
presents,ajándékok
identify,azonosít
chip,csip/szilánk
chffffff,chffffff (hang)
surveillance,megfigyelés
vampire,vámpír
routine,rutin/szokásos
uses,használ/felhasználások
underneath,alatta
systems,rendszerek
temperature,hőmérséklet
waves,hullámok/integet
tribe,törzs
deputy,helyettes/segéd
headquarters,főhadiszállás
equal,egyenlő
phones,telefonok
reckon,gondol/számít
related,kapcsolódó/rokon
incredibly,hihetetlenül
chill,hűt/pihen
spit,köp
tracks,nyomok/sávok
makeup,smink/sminkeli
bug,poloska/hiba
sounded,hangzott
spirits,szellemek/hangulat
nerve,ideg
divorced,elvált
stake,tét/karó
port,kikötő
doorbell,csengő
worries,aggodalmak/aggódik
nephew,unokaöcs
units,egységek
just-,csak- (dadogás)
proceed,folytat/halad
landing,leszállás/lépcsőfeljárat
traitor,áruló
outfit,öltözék/felszerelés
bail,óvadék
fields,mezők/területek
patience,türelem
recording,felvétel/rögzítés
foolish,ostoba/bolond
loaded,feltöltött/teli
costume,jelmez/kosztüm
injured,sérült/megsérült
somethin,valami (rövidítés)
pet,háziállat/kedvenc
cage,kalitka/ketrec
digging,ás/ásás
seats,ülések/helyek
awkward,kínos/esetlen
cleaned,tisztított
pattern,minta
filthy,piszkos/mocskos
visiting,látogat/látogatás
answering,válaszol
concentrate,koncentrál
someplace,valahol
citizens,állampolgárok/polgárok
aim,cél/céloz
affairs,ügyek/viszonyok
thick,vastag/sűrű
sport,sport
basic,alapvető/alap
electric,elektromos/villamos
pleasant,kellemes
cliff,szikla/szirt
nail,köröm/szög
environment,környezet
western,nyugati
average,átlag/átlagos
ease,könnyedség/enyhít
raped,megerőszakolt
interrupt,megszakít
satisfied,elégedett
beep,síp/csipogás
starving,éhezik/éhes
documents,dokumentumok/iratok
anniversary,évforduló
election,választás
warrior,harcos
forth,előre
fetch,hoz/elmegy érte
banks,bankok/partok
placed,helyezett
timing,időzítés
stones,kövek
complex,komplex/bonyolult
frozen,fagyott/lefagyott
replace,helyettesít/lecserél
prayer,imádság
skip,kihagy/átugrik
guilt,bűntudat
tune,dallam/hangol
woo,udvarol
actions,cselekedetek/akciók
conscience,lelkiismeret
officially,hivatalosan
machines,gépek
smaller,kisebb
determined,elszánt/határozott
blown,fújt/robbantott
hail,jégeső/üdvözöl
unhappy,boldogtalan/elégedetlen
booth,fülke/stand
pour,önt/tölt
cleared,kitisztított/megtisztított
packed,csomagolt/tele
wrap,becsomagol/burkolat
behalf,nevében/érdekében
reasonable,ésszerű/elfogadható
trunk,törzs/csomagtartó
homes,otthonok/lakóhelyek
festival,fesztivál/ünnep
tradition,hagyomány
cigarettes,cigaretták
beside,mellett
motive,motívum/indíték
beings,lények/emberek
bishop,püspök
dealer,kereskedő/osztó
defendant,vádlott
backup,tartalék/biztonsági mentés
wounds,sebek
ouch,jaj/au
nearby,közeli/közelben
drank,ivott
effects,hatások/effektek
benefit,előny/haszon
adventure,kaland
territory,terület
apology,bocsánatkérés
unlike,ellentétben/eltérően
owns,tulajdonol/birtokol
boxes,dobozok
thus,így/ezáltal
developed,fejlesztett/fejlett
busted,elkapott/törött
pipe,cső/pipa
gray,szürke
no.,szám/No.
goods,áruk
favourite,kedvenc
salad,saláta
loyal,hűséges/lojális
atmosphere,légkör
freaking,kibaszott/rohadt
dropping,ejt/dobás
strangers,idegenek
mouse,egér
downtown,belváros
heroes,hősök
pit,gödör/verem
rotten,rohadt/rossz
paradise,paradicsom
meantime,időközben
organization,szervezet
hills,dombok
exam,vizsga
cock,kakas/fasz
fairy,tündér
comment,megjegyzés/komment
activity,tevékenység
frame,keret/váz
knight,lovag
testing,tesztelés/próba
habit,szokás
shelter,menedék/hajlék
flow,folyik/áramlás
holes,lyukak
prevent,megakadályoz/megelőz
lend,kölcsönad
figures,alakok/számok
sample,minta
strip,csík/szalag
landed,landolt/ért partot
buzzing,zümmög/zümmögés
monk,szerzetes/barát
slightly,enyhén/kissé
produce,termel/előállít
annoying,idegesítő/bosszantó
judgment,ítélet/vélemény
laundry,mosoda/mosás
lousy,vacak/pocsék
souls,lelkek
existence,létezés
belly,has/pocak
tries,próbál
returning,visszatér
answered,válaszolt
plants,növények/üzemek
actress,színésznő
chairman,elnök
individual,egyén/egyedi
hopes,remények/remél
tattoo,tetoválás
fence,kerítés
sink,mosogató/süllyed
punk,punk
confident,magabiztos/biztos
yay,hurrá/jé
mistaken,tévedett/téves
limit,határ/korlát
bothering,zavar/bosszant
uncomfortable,kényelmetlen
wednesday,szerda
gifts,ajándékok
policeman,rendőr
na,na/nem (köznyelvi)
precisely,pontosan
lawyers,ügyvédek
merely,csupán/pusztán
criminals,bűnözők
underwear,fehérnemű/alsónemű
hoped,remélt
earned,keresett/megszerzett
reveal,felfed/feltár
appeared,megjelent
heavens,egek
personality,személyiség
wives,feleségek
colour,szín
worker,munkás/dolgozó
pope,pápa
instructions,utasítások
intelligent,intelligens/okos
worrying,aggódik/aggasztó
comin,jön (rövidítés)
cried,sírt/kiáltott
traveling,utazik/utazás
bells,harangok/csengők
impact,hatás/becsapódás
robbed,kirabolták
relief,megkönnyebbülés
host,házigazda/műsorvezető
footage,felvétel
odds,esélyek/esélyarány
patrol,járőr/őrjárat
circus,cirkusz
mud,sár
captured,elfogott
lessons,leckék/tanulságok
occasion,alkalom
sets,készletek/beállít
pulse,pulzus/impulzus
ad,hirdetés/reklám
invented,feltalált
diamonds,gyémántok
auntie,néni
cloud,felhő
angels,angyalok
hers,az övé (nőé)
classes,órák/osztályok
mm-hm,mm-hm/ühüm
signature,aláírás
complain,panaszkodik
blah,bla/mán-mán
monitor,monitor/figyelemmel kísér
options,lehetőségek/opciók
claims,követelések/állítások
flies,repül/legyek
hid,elrejtett
wailing,jajgat/siránkozik
listened,hallgatott
countries,országok
yell,kiabál/ordít
rats,patkányok
wondered,csodálkozott/töprengett
smooth,sima/simogat
resist,ellenáll
companies,cégek/társaságok
fantasy,fantázia
passport,útlevél
pitch,hangmagasság/pálya
hammer,kalapács
homicide,emberölés
holds,tart/fogások
flew,repült
noon,dél/délben
helicopter,helikopter
dishes,edények/mosogatás
spin,forgás/pörgés
charm,varázs/báj
slap,pofon/üt
apply,pályázik/alkalmaz
fools,bolondok/becsap
screeching,sikoltozik/csikorgás
discover,felfedez
previous,előző/korábbi
kit,készlet/felszerelés
authorities,hatóságok
moaning,nyög/nyögés
photograph,fénykép/fotó
sales,értékesítés/árusítás
fifty,ötven
beneath,alatt/alant
farewell,búcsú/isten áldjon
clouds,felhők
slipped,megcsúszott/kicsúszott
represent,képvisel
deaf,süket
facing,néz/szembenéz
offense,sértés/támadás
citizen,állampolgár
clown,bohóc
snap,pattan/törik
messing,pakol/rendetlenkedik
hood,motorháztető/kapucni
twelve,tizenkettő
interests,érdeklődések/érdekek
cheated,csalt
informed,tájékoztatott
humanity,emberiség/emberség
producer,producer/termelő
technically,technikailag
accounts,számlák/beszámolók
extreme,extrém/szélsőséges
gettin,kap (rövidítés)
cia,CIA
pays,fizet
profile,profil
oxygen,oxigén
jeez,jesszusom/uram
shed,fészer/hullik
minor,kisebb/kiskorú
ex,volt/ex
theatre,színház
scientific,tudományos
lovers,szeretők
chaos,káosz
rocket,rakéta
math,matek/matematika
stubborn,makacs/csökönyös
oi,hé/hej
chips,sültkrumpli/zsetonok
intense,intenzív
grey,szürke
talkin,beszél (rövidítés)
terrorist,terrorista
angle,szög/nézőpont
invitation,meghívás
gambling,szerencsejáték/kártyázás
respond,reagál/válaszol
thirty,harminc
procedure,eljárás/műtét
absolute,abszolút/teljes
investigate,vizsgál/nyomoz
tragedy,tragédia
stable,istálló/stabil
session,ülés/szesszió
capture,elfog/felvétel
marrying,házasodik
ripped,szakított/tépett
attacks,támadások
stretch,nyújtás/szakasz
bush,bokor
dates,randevúk/dátumok
unable,képtelen
gates,kapuk
artists,művészek
increase,növekedés/növel
tastes,ízek/ízlések
cared,törődött
bottles,üvegek
highest,legmagasabb
whirring,zúg/zúgás
meanwhile,közben/időközben
grabbed,megragadta
pigs,disznók
chop,vág/darabolás
wheels,kerekek
shocked,sokkolva/megdöbbent
reverend,tiszteletes
commercial,kereskedelmi/reklám
escort,kíséret/kísér
engagement,eljegyzés
corpse,holttest
worthy,méltó/érdemes
scale,mérleg/skála
beats,üt/ütések
threatening,fenyegető
exists,létezik
academy,akadémia
acts,cselekszik/felvonások
hop,ugrik/szökken
judges,bírák/ítél
furniture,bútor
shared,megosztott
consequences,következmények
engineer,mérnök
schools,iskolák
softly,halkan/puhán
bombs,bombák
shark,cápa
transport,szállítás/szállít
population,népesség/lakosság
succeed,sikerül/utódol
creepy,hátborzongató
sneak,oson/beosony
studies,tanulmányok/tanul
destruction,pusztítás
protected,védett
monsters,szörnyek
joining,csatlakozás
punished,megbüntetett
lightning,villám
shell,kagyló/lövedék
fascinating,lenyűgöző
chamber,kamra
romance,románc
instance,példa/eset
jumping,ugrik/ugrás
groups,csoportok
exhausted,kimerült/kifáradt
testify,tanúskodik
studied,tanult/tanulmányozott
walker,járó/sétáló
pin,tű/gombostű
imagined,elképzelte
drill,fúró/gyakorlat
investigating,vizsgál/nyomoz
ye,te (régi angol)
experienced,tapasztalt/átélt
necklace,nyaklánc
loyalty,hűség/lojalitás
junk,szemét/toldás
cries,sír/kiáltozások
southern,déli
blocks,tömbök/blokkok
emotions,érzelmek
begun,kezdődött
liver,máj
serving,felszolgál/adag
matches,gyufák/mérkőzések
surgeon,sebész
granted,megadott/engedélyezett
jazz,jazz
supplies,ellátmány/készletek
deeper,mélyebb
typical,tipikus/jellemző
kicking,rúg/rúgás
obey,engedelmeskedik
dancer,táncos
remote,távoli/távirányító
daughters,lányok
moron,idióta/hülye
teachers,tanárok
dragged,vonszolt/húzott
strategy,stratégia
parent,szülő
album,album
compared,hasonlított össze
rubbish,szemét/badarság
helpful,segítőkész
powder,por/púder
sync,szinkron/összehangol
bum,csavargó/fenék
passes,átad/bérletek
fort,erőd
choices,választások
alley,sikátor
supper,vacsora
penis,pénisz
alibi,alibi
pole,rúd/lengyelek
coke,kóla/koksz
scientist,tudós
fighter,harcos/vadász
highway,autópálya
blade,penge
alpha,alfa
diet,diéta
liquor,szeszes ital
jet,sugár/jet
widow,özvegy
liberty,szabadság
moral,erkölcsi/morál
award,díj/ítél meg
grief,gyász/bánat
thirsty,szomjas
random,véletlen/véletlenszerű
suspects,gyanúsítottak/gyanít
intention,szándék
active,aktív
tools,eszközök/szerszámok
driven,vezetett/hajtott
trauma,trauma/sérülés
headache,fejfájás
safely,biztonságosan
knee,térd
lads,fiúk/legények
novel,regény/újszerű
conversations,beszélgetések
waters,vizek
lookin,néz (rövidítés)
invisible,láthatatlan
internal,belső
peaceful,békés
humming,dúdol/zümmögés
washed,mosott
drives,vezet/hajtások
talented,tehetséges
aid,segítség/segély
elephant,elefánt
troubles,bajok/gondok
core,mag/lényeg
serial,sorozat/soros
painted,festett
divine,isteni
jam,lekvár/torlódás
goat,kecske
opera,opera
thieves,tolvajok
guessing,találgat
objection,kifogás
whiskey,whisky
resistance,ellenállás
dressing,öltözködés/öltözet
attached,csatolt/ragaszkodó
brief,rövid/tájékoztatás
punish,büntet
eternal,örök
required,szükséges/megkövetelt
fabulous,mesés/fantasztikus
twins,ikrek
characters,karakterek/szereplők
cooked,főzött/megfőtt
dreamed,álmodott
arts,művészetek
naughty,pajkos/szemtelen
stabbed,leszúrta
tend,hajlamos/gondoz
tap,csap/koppint
soap,szappan
locker,szekrény
development,fejlesztés/fejlődés
images,képek
prick,szúr/fasz
global,globális/világméretű
string,húr/zsinór
bitter,keserű
sharing,megosztás
corn,kukorica
fits,illik/rohamok
tent,sátor
forms,űrlapok/formák
votes,szavazatok
propose,javasol/megkér
constantly,folyamatosan
granny,nagyi
nicely,szépen/ügyesen
nerves,idegek
arguing,vitatkozik
abuse,visszaélés/bántalmaz
relatives,rokonok
survival,túlélés
gloves,kesztyűk
tracking,nyomon követ/követés
u,u (betű)
bend,hajlít/kanyar
review,áttekintés/vélemény
connect,összeköt/kapcsolódik
separated,különválasztott/szétváltak
elder,idősebb/vén
beard,szakáll
admiral,admirális
salary,fizetés/bér
areas,területek
disturb,zavar/megzavar
pro,profi/mellett
maintain,fenntart
solved,megoldott
wealth,vagyon/gazdagság
bitches,kurvák/nőstények
possession,birtoklás/tulajdon
sang,énekelt
gimme,add (rövidítés)
plates,tányérok/tábla
shoulders,vállak
burnt,égett/megégett
recorded,rögzített/felvett
upper,felső
counts,számít/számolások
tale,mese/történet
profit,profit/nyereség
colleague,kolléga
warehouse,raktár
hostage,túsz
shore,part/tengerpart
porn,pornó
fifteen,tizenöt
visitors,látogatók
net,háló/nettó
insult,sértés/sérteget
cities,városok
causing,okoz
lemon,citrom
heal,gyógyít/begyógyul
banging,döngöl/dörömbölés
honeymoon,nászút
appeal,fellebbezés/vonzerő
critical,kritikus
creating,alkotás/létrehozás
crane,daru
enormous,hatalmas/óriási
testimony,tanúvallomás
praise,dicséret/dicsér
fights,harcok/verekedések
commission,bizottság/jutalék
growls,morog
sins,bűnök
fraud,csalás
branch,ág/fiók
happily,boldogan
covering,fed/borítás
occurred,megtörtént/előfordult
beans,bab
raw,nyers
muscle,izom
pages,oldalak
tense,feszült/igeidő
relationships,kapcsolatok
management,vezetés/menedzsment
assignment,feladat/megbízás
blonde,szőke
catching,elkap/kapás
exposed,kitett/leleplezett
dont,nem (rövidítés)
comedy,komédia/vígjáték
stroke,ütés/stroke
whistling,füttyent/fütyülés
buildings,épületek
shaking,ráz/rázás
p.m.,du. (délután)
facility,létesítmény/könnyedség
appropriate,megfelelő/elsajátít
remarkable,figyelemre méltó
transferred,áthelyezett
drawn,rajzolt/húzott
tits,cicik/cinegék
clicking,kattint/kattogás
symbol,szimbólum/jelkép
motor,motor
employees,alkalmazottak
ambassador,nagykövet
mothers,anyák
pile,halom/rakás
feeding,etetés/táplálás
soda,szóda/üdítő
checks,ellenőriz/csekkek
bears,medvék/visel
cookies,sütik
slut,ribanc
awfully,borzalmasan/nagyon
stepped,lépett
toys,játékok
levels,szintek
differently,másképp
magnificent,pompás/nagyszerű
steak,steak/bifsztek
tube,cső/metró
leaders,vezetők
superior,felettes/kiváló
herr,úr (német)
pan,serpenyő
expression,kifejezés/arckifejezés
currently,jelenleg
throne,trón
deadly,halálos
bee,méh
tooth,fog
depressed,depressziós/lehangolt
potatoes,krumplik/burgonyák
wicked,gonosz/mókás
resources,erőforrások
native,bennszülött/anyanyelvi
centuries,évszázadok
poetry,költészet
multiple,többszörös/több
cable,kábel
shortly,hamarosan/röviden
buzz,zümmögés/zaj
socks,zoknik
fingerprints,ujjlenyomatok
goddess,istennő
chin,áll
anxious,aggódó/szorongó
colors,színek
basketball,kosárlabda
promises,ígéretek/ígér
explained,megmagyarázott
appearance,megjelenés/kinézet
musical,zenés/musical
sends,küld
slide,csúszda/csúszik
ultimate,végső/ultimátum
pork,sertéshús/disznóhús
communication,kommunikáció
payment,fizetés/kifizetés
structure,szerkezet/struktúra
paperwork,papírmunka
obsessed,megszállott
lazy,lusta
actors,színészek
squeeze,szorít/préseli
magical,varázslatos/mágikus
colleagues,kollégák
admire,csodál
madness,őrültség
roads,utak
entry,bejegyzés/belépés
injury,sérülés
burden,teher
racing,verseny/versenyzés
manner,mód/modor
freezing,fagyos/befagyasztás
bits,darabok/bitek
mount,hegy/felszerel
battery,akkumulátor/üteg
dessert,desszert
pound,font
visited,látogatott
motel,motel
rumbling,morajlik/dübörgés
cinema,mozi
fond,szerető/kedvelő
halfway,félúton
rifle,puska
reception,recepció/fogadás
statue,szobor
fridge,hűtő
brick,tégla
abandon,elhagy/abbahagy
lap,öl/kör
wars,háborúk
recommend,ajánl
brush,kefe/ecset
nelson,Nelson (fogás)
pill,tabletta/pirula
concept,koncepció/fogalom
w,w (betű)
delay,késleltetés/késik
quarters,negyedek/szállás
rub,dörzsöl/bedörzsöl
mall,bevásárlóközpont
soil,talaj/föld
complaint,panasz
sail,vitorla/hajózik
baker,pék
coughs,köhög
bucket,vödör
description,leírás
badge,jelvény/kitűző
measure,mér/intézkedés
hip,csípő/menő
function,funkció/működés
indistinctly,homályosan/érthetetlen
foundation,alapítvány/alap
labor,munka/szülés
waiter,pincér/felszolgáló
homeless,hajléktalan
proved,bizonyított
unfortunate,szerencsétlen
log,napló/rönk
meetings,találkozók/ülések
giggles,kuncog
combat,harc/küzdelem
poem,vers/költemény
handed,átadott/kezes
weed,gyom/fű
tons,tonna
satellite,műhold
eagle,sas
privacy,magánélet
chapter,fejezet
treating,kezel/vendégel
wisdom,bölcsesség
flip,átfordít/pöccint
entering,belépés
barn,pajta/csűr
farmer,farmer/gazda
clan,klán
budget,költségvetés
pub,kocsma/pub
temporary,ideiglenes
effective,hatékony
lamb,bárány
plot,cselekmény/telek
proposal,javaslat/ajánlat
sticks,botok/ragaszt
searched,keresett
blessing,áldás
rage,düh/harag
bothered,zavarta
basis,alapon/bázis
manners,modor
recover,felépül/visszanyeri
twist,csavar/fordulat
leak,szivárgás/kiszökik
item,tétel/elem
catholic,katolikus
sighing,sóhajt
retired,nyugdíjas/kivonult
kings,királyok
inner,belső
cents,cent
affect,érint/befolyásol
forbidden,tiltott/tilos
patch,folt/tapasz
drops,cseppek/ejt
necessarily,szükségszerűen
provided,biztosított/amennyiben
meters,méterek
booked,lefoglalt
returns,visszatér/bevételek
fires,tüzek/kirúg
humor,humor
torn,szakadt/tépett
e-mail,e-mail
introduced,bemutatta
creative,kreatív
betray,elárul
various,különböző/sokféle
added,hozzáadott
discovery,felfedezés
cowboy,cowboy
suspected,gyanította
suggested,javasolta
delighted,elragadtatott/örvendő
sticking,ragad/kitart
dive,búvárkodik/merülés
radar,radar
prosecutor,ügyész
vast,hatalmas/óriási
owned,tulajdonolt
cookie,süti
finest,legfinomabb/legjobb
pump,pumpa/szivattyú
counter,pult/számláló
sorts,fajták/rendez
coin,érme
slaves,rabszolgák
marine,tengerészgyalogos/tengeri
illness,betegség
sack,zsák/kirúg
bid,ajánlat/licit
require,igényel/követel meg
largest,legnagyobb
washing,mosás/mosakodás
achieve,elér
causes,okok/okoz
k,k (betű)
mo,mo (rövidítés)
dope,drog/hülye
nest,fészek
palm,pálma/tenyér
constant,állandó
b.,b. (rövidítés)
boo,hú/bú
medication,gyógyszer/gyógykezelés
gravity,gravitáció/komolyság
booze,pia/alkohol
abroad,külföldön
rising,emelkedő/felkelő
analysis,elemzés
cuts,vágások/csökkentések
eats,eszik
employee,alkalmazott
vodka,vodka
damaged,sérült/károsodott
solar,nap-/szoláris
height,magasság
pops,durr/popzene
yards,yard/udvarok
terrified,megrémült
suitcase,bőrönd
chemical,kémiai/vegyszer
preparing,készít/felkészül
advanced,fejlett/halad
fund,alap/finanszíroz
wears,visel
chirping,csirip/csiripelés
web,háló/web
phase,fázis/szakasz
prom,bál
suggesting,javasol
fleet,flotta/hajóraj
lame,béna/sánta
editor,szerkesztő
assumed,feltételezte
whip,ostor/megkorbácsol
region,régió/térség
amongst,között
temper,indulat/hőmérséklet
discussion,vita/megbeszélés
engines,motorok
operate,működtet/operál
sunshine,napfény
acted,viselkedett/játszott
undercover,álcázott/titkos
horror,borzalom/horror
tested,tesztelt
smash,széttör/ütés
contrary,ellentétes/ellenkezőleg
roses,rózsák
poker,póker
wrapped,csomagolt/burkolt
mi,mi (hang)
fu,fu (hang)
focused,fókuszált/összpontosított
tragic,tragikus
demons,démonok
rounds,körök/fordulók
entertainment,szórakoztatás
gathered,összegyűlt
uhh,ööö/hm
yells,kiabál/ordít
crossing,átkelés/kereszteződés
blanket,takaró/pléd
nut,dió/anyacsavar
pockets,zsebek
limited,korlátozott/limitált
paintings,festmények
sober,józan
sis,húgi/testvérkém
intended,szándékozott
niece,unokahúg
computers,számítógépek
tennis,tenisz
needle,tű
chicks,csajok/csibék
traditional,hagyományos
delicate,finom/kényes
independent,független
grandson,unoka (fiú)
repair,javítás/javít
a.,a. (rövidítés)
executive,vezető/végrehajtó
recognized,felismerte
regarding,vonatkozóan
weakness,gyengeség
aliens,földönkívüliek/idegenek
gunshots,lövések
method,módszer
tool,eszköz/szerszám
demands,követelések/igények
permit,engedély/enged
towel,törölköző
nowadays,manapság
spider,pók
northern,északi
zoo,állatkert
praying,imádkozik
passengers,utasok
con,átverés/rászed
technique,technika
cellphone,mobiltelefon
gently,gyengéden/finoman
operations,műveletek/hadműveletek
planes,repülők
bunny,nyuszi/nyúl
gunfire,tűzharc/lövöldözés
shining,ragyog/fénylő
backwards,hátrafelé
skill,készség/ügyesség
uh-,ö- (dadogás)
baron,báró
kidnapping,emberrablás
iike,mint (elírás)
marshal,marsall
petty,kicsinyes/jelentéktelen
sealed,lepecsételt/zárt
massage,masszázs
raising,nevel/emel
menu,menü/étlap
diary,napló
fucker,köcsög/seggfej
wagon,kocsi/szekér
audition,meghallgatás
casino,kaszinó
bacon,szalonna
promotion,előléptetés/promóció
click,kattintás/kattint
forgiveness,megbocsátás
burst,kitörés/robbanás
permanent,állandó/végleges
interfere,beavatkozik/zavar
chanting,kántál/énekel
dammit,a francba/basszus
recovered,felépült/visszaszerzett
registered,regisztrált
sunny,napos
packing,csomagolás
scenes,jelenetek/színhelyek
questioning,kérdezés/kihallgatás
unfair,tisztességtelen/igazságtalan
admitted,bevallotta/felvett
ancestors,ősök/elődök
polite,udvarias
completed,befejezett/teljesített
swallow,nyel/fecske
conduct,viselkedés/vezényel
prayers,imák
sheet,lepedő/lap
fried,sült
avenue,sugárút
poisoned,megmérgezett
reverse,hátramen/fordított
newspapers,újságok
complaining,panaszkodik
senses,érzékek
investment,befektetés
absurd,abszurd/esztelen
potato,burgonya/krumpli
understands,megért/ért
grows,nő/növekszik
inspired,inspirált
celebrating,ünnepel
tag,címke/jelölés
ram,kos/belevet
requires,megköveteli
bugs,bogarak/hibák
hooked,akasztott/rászokott
ranch,farm/tanyasi
safer,biztonságosabb
worn,viselt/kopott
crashing,összeomlik/becsapódás
lands,földek/landol
leather,bőr
grounds,területek/alapok
assuming,feltételezve
nails,körmök/szögek
conspiracy,összeesküvés
thanksgiving,hálaadás
guardian,gyám/őr
rumors,pletykák/szóbeszédek
yen,jen/vágy
ashes,hamu
terror,terror/rémület
misunderstanding,félreértés
tire,gumi/fárad
boats,csónakok/hajók
parade,felvonulás/parádé
halt,megáll/leállít
immunity,immunitás/mentesség
adults,felnőttek
steam,gőz
closely,szorosan/közelebbről
soccer,foci/labdarúgás
priority,prioritás/elsőbbség
shouts,kiált/kiabálások
happier,boldogabb
struggling,küzd/nehezen megy
root,gyökér
larger,nagyobb
nov.28,nov.28
boot,csizma/rendszerindító
conflict,konfliktus
laughed,nevetett
cherry,cseresznye
honking,dudál
concerns,aggodalmak/vonatkozik
celebration,ünneplés
sore,fájó/gyulladt
unconscious,eszméletlen/tudattalan
cattle,marha/szarvasmarha
breasts,mellek
fairly,meglehetősen/tisztességesen
fee,díj/költség
recognise,felismer
radiation,sugárzás
holidays,ünnepek/szabadságok
raining,esik/esőzik
forgetting,elfelejt
lungs,tüdők
register,regisztrál/nyilvántartás
shadows,árnyékok
specifically,kifejezetten
sarge,őrmester (rövidítés)
ideal,ideális
turtle,teknős
spoil,elront/elkényeztet
deserved,megérdemelt
candidate,jelölt
types,típusok/gépel
bloke,fickó/pasas
explode,felrobban
immediate,azonnali
belonged,tartozott
identified,azonosított
di,di (rövidítés)
hunger,éhség
closest,legközelebbi
combination,kombináció/összetétel
nanny,dajka/bébiszitter
develop,fejleszt/kifejlődik
detectives,nyomozók
severe,súlyos/komoly
organized,szervezett
gut,bél/gyomor
splendid,pompás/nagyszerű
dismissed,elbocsátott/elutasított
pm,du./PM
vulnerable,sebezhető/kiszolgáltatott
continued,folytatódott
vital,létfontosságú
comrades,bajtársak
bureau,iroda/hivatal
drawer,fiók
retreat,visszavonulás/menedék